first_name,last_name,street,city,state,zip_code,phone,service_type
John,Smith,123 Main St,Springfield,IL,62701,217-555-0101,1
Sarah,Johnson,456 Oak Ave,Portland,OR,97201,503-555-0102,2
Michael,Williams,789 Pine Rd,Austin,TX,78701,512-555-0103,1
Emily,Brown,321 Elm St,Seattle,WA,98101,206-555-0104,2
David,Jones,654 Maple Dr,Denver,CO,80201,303-555-0105,1
Jessica,Garcia,987 Cedar Ln,Miami,FL,33101,305-555-0106,1
Christopher,Martinez,147 Birch Way,Boston,MA,02101,617-555-0107,2
Amanda,Rodriguez,258 Spruce Ct,Phoenix,AZ,85001,602-555-0108,1
Matthew,Hernandez,369 Willow Pl,Atlanta,GA,30301,404-555-0109,2
Ashley,Lopez,741 Aspen Blvd,Nashville,TN,37201,615-555-0110,1
Daniel,Gonzalez,852 Cherry St,Chicago,IL,60601,312-555-0111,2
Jennifer,Wilson,963 Walnut Ave,Houston,TX,77001,713-555-0112,1
Joshua,Anderson,159 Hickory Rd,Philadelphia,PA,19101,215-555-0113,1
Melissa,Thomas,357 Poplar Dr,San Diego,CA,92101,619-555-0114,2
Andrew,Taylor,486 Magnolia Ln,Dallas,TX,75201,214-555-0115,1
Stephanie,Moore,624 Sycamore Way,San Jose,CA,95101,408-555-0116,2
Ryan,Jackson,753 Dogwood Ct,Columbus,OH,43201,614-555-0117,1
Nicole,White,891 Redwood Pl,Indianapolis,IN,46201,317-555-0118,2
Brandon,Harris,135 Juniper Blvd,Charlotte,NC,28201,704-555-0119,1
Lauren,Martin,246 Hawthorn St,San Francisco,CA,94101,415-555-0120,2
Kevin,Thompson,579 Beech Ave,Detroit,MI,48201,313-555-0121,1
Rachel,Garcia,681 Ash Rd,Memphis,TN,38101,901-555-0122,1
Justin,Martinez,792 Cottonwood Dr,Baltimore,MD,21201,410-555-0123,2
Amber,Robinson,813 Cypress Ln,Milwaukee,WI,53201,414-555-0124,1
Tyler,Clark,924 Fir Way,Albuquerque,NM,87101,505-555-0125,2
Brittany,Rodriguez,135 Hemlock Ct,Tucson,AZ,85701,520-555-0126,1
Jacob,Lewis,246 Larch Pl,Fresno,CA,93701,559-555-0127,1
Samantha,Lee,357 Mahogany Blvd,Sacramento,CA,95814,916-555-0128,2
Austin,Walker,468 Teak St,Kansas City,MO,64101,816-555-0129,1
Taylor,Hall,579 Bamboo Ave,Mesa,AZ,85201,480-555-0130,2
Zachary,Allen,681 Sequoia Rd,Virginia Beach,VA,23451,757-555-0131,1
Victoria,Young,792 Alder Dr,Atlanta,GA,30303,470-555-0132,2
Alexander,Hernandez,813 Basswood Ln,Oakland,CA,94601,510-555-0133,1
Megan,King,924 Chestnut Way,Minneapolis,MN,55401,612-555-0134,1
Ethan,Wright,135 Locust Ct,Tulsa,OK,74103,918-555-0135,2
Hannah,Lopez,246 Buckeye Pl,Wichita,KS,67202,316-555-0136,1
Nathan,Hill,357 Ironwood Blvd,New Orleans,LA,70112,504-555-0137,2
Grace,Scott,468 Pecan St,Arlington,TX,76010,817-555-0138,1
Christian,Green,579 Butternut Ave,Bakersfield,CA,93301,661-555-0139,1
Olivia,Adams,681 Buckthorn Rd,Tampa,FL,33602,813-555-0140,2
Dylan,Baker,792 Cedar Dr,Aurora,CO,80010,720-555-0141,1
Alexis,Nelson,813 Tamarack Ln,Anaheim,CA,92805,714-555-0142,2
Jonathan,Carter,924 Persimmon Way,Honolulu,HI,96813,808-555-0143,1
Kayla,Mitchell,135 Sassafras Ct,Santa Ana,CA,92701,714-555-0144,1
Kyle,Perez,246 Mesquite Pl,Corpus Christi,TX,78401,361-555-0145,2
Morgan,Roberts,357 Hackberry Blvd,Riverside,CA,92501,951-555-0146,1
Jordan,Turner,468 Redbud St,Lexington,KY,40507,859-555-0147,2
Blake,Phillips,579 Serviceberry Ave,Stockton,CA,95202,209-555-0148,1
Courtney,Campbell,681 Pawpaw Rd,St. Paul,MN,55101,651-555-0149,1
Cameron,Parker,792 Mulberry Dr,Cincinnati,OH,45202,513-555-0150,2
Danielle,Evans,813 Elderberry Ln,Pittsburgh,PA,15222,412-555-0151,1
Gabriel,Edwards,924 Sumac Way,Lincoln,NE,68508,402-555-0152,2
Madison,Collins,135 Yew Ct,Greensboro,NC,27401,336-555-0153,1
Isaiah,Stewart,246 Rowan Pl,Plano,TX,75074,469-555-0154,1
Brooke,Sanchez,357 Linden Blvd,Newark,NJ,07102,973-555-0155,2
Caleb,Morris,468 Holly St,Henderson,NV,89009,702-555-0156,1
Sydney,Rogers,579 Boxwood Ave,Chula Vista,CA,91910,619-555-0157,2
Connor,Reed,681 Laurel Rd,Fort Wayne,IN,46802,260-555-0158,1
Marissa,Cook,792 Myrtle Dr,Jersey City,NJ,07302,201-555-0159,1
Adrian,Morgan,813 Privet Ln,St. Petersburg,FL,33701,727-555-0160,2
Paige,Bell,924 Azalea Way,Chandler,AZ,85225,480-555-0161,1
Ian,Murphy,135 Camellia Ct,Laredo,TX,78040,956-555-0162,2
Kaitlyn,Bailey,246 Gardenia Pl,Norfolk,VA,23510,757-555-0163,1
Eric,Rivera,357 Jasmine Blvd,Durham,NC,27701,919-555-0164,1
Shelby,Cooper,468 Lilac St,Madison,WI,53703,608-555-0165,2
Cody,Richardson,579 Peony Ave,Lubbock,TX,79401,806-555-0166,1
Kristen,Cox,681 Dahlia Rd,Reno,NV,89501,775-555-0167,2
Trevor,Howard,792 Iris Dr,Winston-Salem,NC,27101,336-555-0168,1
Allison,Ward,813 Tulip Ln,Glendale,AZ,85301,623-555-0169,1
Devin,Torres,924 Carnation Way,Hialeah,FL,33010,305-555-0170,2
Jenna,Peterson,135 Orchid Ct,Chesapeake,VA,23320,757-555-0171,1
Marcus,Gray,246 Begonia Pl,Garland,TX,75040,972-555-0172,2
Chelsea,Ramirez,357 Hibiscus Blvd,Gilbert,AZ,85234,480-555-0173,1
Cole,James,468 Sunflower St,Baton Rouge,LA,70802,225-555-0174,1
Kathryn,Watson,579 Marigold Ave,Irving,TX,75060,972-555-0175,2
Seth,Brooks,681 Zinnia Rd,Scottsdale,AZ,85251,480-555-0176,1
Vanessa,Kelly,792 Aster Dr,North Las Vegas,NV,89030,702-555-0177,2
Evan,Sanders,813 Bluebell Ln,Fremont,CA,94536,510-555-0178,1
Cassandra,Price,924 Clover Way,Boise,ID,83702,208-555-0179,1
Preston,Bennett,135 Foxglove Ct,Richmond,VA,23219,804-555-0180,2
Sierra,Wood,246 Lavender Pl,San Bernardino,CA,92401,909-555-0181,1
Dominic,Barnes,357 Violet Blvd,Spokane,WA,99201,509-555-0182,2
Jade,Ross,468 Poppy St,Des Moines,IA,50309,515-555-0183,1
Tanner,Henderson,579 Sage Ave,Tacoma,WA,98402,253-555-0184,1
Maya,Coleman,681 Thyme Rd,Modesto,CA,95354,209-555-0185,2
Parker,Jenkins,792 Rosemary Dr,Fontana,CA,92335,909-555-0186,1
Kiara,Perry,813 Basil Ln,Santa Clarita,CA,91321,661-555-0187,2
Garrett,Powell,924 Mint Way,Moreno Valley,CA,92553,951-555-0188,1
Sienna,Long,135 Parsley Ct,Fayetteville,NC,28301,910-555-0189,1
Drew,Patterson,246 Dill Pl,Huntsville,AL,35801,256-555-0190,2
Kendall,Hughes,357 Cilantro Blvd,Glendale,CA,91203,818-555-0191,1
Bryce,Flores,468 Oregano St,Yonkers,NY,10701,914-555-0192,2
Molly,Washington,579 Fennel Ave,Amarillo,TX,79101,806-555-0193,1
Hunter,Butler,681 Chive Rd,Grand Rapids,MI,49503,616-555-0194,1
Savannah,Simmons,792 Tarragon Dr,Brownsville,TX,78520,956-555-0195,2
Spencer,Foster,813 Marjoram Ln,Salt Lake City,UT,84101,801-555-0196,1
Arianna,Gonzales,924 Coriander Way,McKinney,TX,75069,469-555-0197,2
Wyatt,Bryant,135 Chervil Ct,Grand Prairie,TX,75050,972-555-0198,1
Natalie,Alexander,246 Sorrel Pl,Montgomery,AL,36104,334-555-0199,1
Landon,Russell,357 Anise Blvd,Knoxville,TN,37902,865-555-0200,2
